{"products":[{"id":"0.47579342133737024","qty":2}],"totalPrice":65.99999999999999}